INSERT INTO coverage_regions (id, name, description, base_price_per_day, created_at, updated_at) VALUES
    ('a07f0742-f6ca-4ac5-82f6-906d6716216a', 'Slovenská republika', 'Slovensko', 1, NOW(), NOW()),
    ('8dccf1ad-4c0d-4459-ab8c-9eff6a675437', 'Česka republika', 'Česka republika', 2, NOW(), NOW()),
    ('2a43c218-f17d-4fc7-a044-178c55aa9939', 'Európa + ostatné krajiny', 'Európa|Turecko|Alžírsko|Maroko|Tunisko|Cyprus|Egypt|Izrael|Jordánsko|Gruzínsko|Arménsko|Azerbajdžan|európska časť Ruskej federácie', 3, NOW(), NOW()),
    ('2027c7e8-e591-4d21-a6fb-a0cf6ce40e4a', 'Svet', 'Svet', 4, NOW(), NOW())
ON CONFLICT (id) DO NOTHING;


INSERT INTO risk_factors (id, name, risk_factor, created_at, updated_at) VALUES
('9675e813-a204-408e-a0c5-0982038368a8', 'Turistika (zahŕňa aj rekreačný šport)',1.2, NOW(), NOW()),
('2801a355-0c89-4bbc-80a2-b76884fb6e72', 'Šport', 1.4, NOW(), NOW()),
('4cc092e9-37c3-431d-ab47-38c860de5121', 'Manuálna práca',1.8, NOW(), NOW())
ON CONFLICT (id) DO NOTHING;

INSERT INTO insurance_types (id, name, description, base_price_per_day, is_additional_insurance, is_price_total, created_at, updated_at) VALUES
('06ccaaf0-ad9e-451a-9f52-f8379ba3518c', 'Poistenie mimoriadnej situácie (Pandémia)', 'Uhradíme vám liečbu pandemického a epidemického ochorenia (napr. COVID-19 a iné) aj v rizikových krajinách a naviac vám poskytneme extra ochranu v prípade ďalších mimoriadnych udalostí.', 0.80, false,false ,NOW(), NOW()),
('452c53b1-b490-4ccc-be4e-f7a3e0878501', 'Cestovné doklady', 'Uhradíme vám náklady spojené so stratou, zničením či odcudzením cestovných dokladov.', 0.50, false,false, NOW(), NOW()),
('34158c67-4fc7-463c-8a78-815faa44e79d', 'Batožina', 'Poistenie kryje poškodenie, zničenie, odcudzenie, alebo stratu vecí osobnej potreby.', 0.70, false,false, NOW(), NOW()),
('8b1a9d87-6cbc-4b42-85a7-8d59292c5ef3', 'Zodpovednosť za škodu', 'Dôležité poistenie, ktoré vám preplatí vysoké účty za škodu, ktorú niekomu spôsobíte.', 0.15, false,false, NOW(), NOW()),
('1759e792-d762-4864-a4aa-a3b62524ad1f', 'Úraz', 'Vyplatíme vám odškodnenie v prípade trvalých následkov alebo smrti v dôsledku úrazu.', 0.25, false,false, NOW(), NOW()),
('48fa1fb8-1d54-41ce-b34f-b7cf31c82c38', 'Náklady na technickú pomoc pri záchrannej akcii', 'Chránime vás pred vysokými účtami za prevoz vrtulníkom alebo sanitkou, vyslobodzovanie. ',0.60, true,false, NOW(), NOW()),
('be5c37a6-8e71-4cf2-bb8a-0066264e9c9b', 'Nečakaný pobyt v nemocnici', 'Odškodníme vás za každý deň hospitalizácie alebo pripútania na lôžko v zahraničí.', 0.50, true, false, NOW(), NOW()),
('b846ddd8-b961-4b67-8a24-a658da70e538', 'Asistenčné služby pre bicykle a kolobežky', 'Pomoc pre cyklistov v prípade nehody, poruchy alebo krádeže bicykla, elektrobicykla, kolobežky či elektrokolobežky, a ďalšie obľúbené služby.', 0.90, true, false, NOW(), NOW()),
('f88b4a91-122e-4f11-aaee-4aed3f83675b', 'Elektronické zariadenia', 'Poistenie kryje elektronické zariadenia pre prípad poškodenia, zničenia a odcudzenia až do výšky 1 000 EUR.',1.99, true, false, NOW(), NOW()),
('e69a4e10-ac4e-4577-97d1-8756f09de6e3', 'Storno EXTRA', 'Uhradíme vám stornopoplatok (odstupné), ktoré vám vyúčtovala cestovná kancelária, dopravná spoločnosť, ubytovacie zariadenie alebo iný poskytovateľ služby, v prípade, že budete musieť svoju cestu a pobyt zo závažných dôvodov zrušiť.', 21.00, true,true, NOW(), NOW()),
('3e5fc9ff-00b2-4c72-971a-539b5e8e321c', 'Opustená domácnosť', 'Kým ste odcestovaní, budete mať poistenú vašu domácnosť až do výšky 20 000 eur.', 0.55, true, true, NOW(), NOW()),
('156ac62a-6d76-4be4-9371-45ba5b0c344c',  'Domáci miláčik', 'Poistenie kryje nevyhnutné liečebené náklady spojené s úrazom alebo akútnym ochorením domáceho miláčika v zahraničí.', 0.75,true, true, NOW(), NOW()),
('4c839d85-cfe0-4416-a0e9-970c9514e1dc', 'Asistenčné služby pre motorové vozidlo', 'Pomôžeme vám v prípade poruchy, nehody alebo dopravnej nehody vozidla: odťah, oprava vozidla, náhradné vozidlo až na 10 dní, náhradná doprava, ubytovanie a ďalšie obľúbené služby, a to až do výšky 2 500 €.', 2.49, true, true, NOW(), NOW())
ON CONFLICT (id) DO NOTHING;

INSERT INTO age_categories (id, name, min_age, max_age, price_factor, created_at, updated_at) VALUES
('e51364f6-5b92-4725-9132-f6ad13cce0aa', '0 - 14 rokov', 0, 14, 1.4, NOW(), NOW()),
('4c0ed12d-2892-4304-b3fd-efe97afc909b', '15 - 69 rokov', 15, 69, 1.1, NOW(), NOW()),
('f901dcfa-9134-4ea1-9d81-fb5a4c7066ad', 'nad 70 rokov', 70, NULL, 1.7, NOW(), NOW())
ON CONFLICT (id) DO NOTHING;


INSERT INTO countries (id,name, coverage_region_id, created_at, updated_at) VALUES
    ('278dd7c1-823b-4c85-9f79-69ea1262f180', 'Afganistan', '2027c7e8-e591-4d21-a6fb-a0cf6ce40e4a', NOW(), NOW()),
    ('bfda3767-229c-4aed-a3a2-36de1dfa1ca8', 'Alandy','2027c7e8-e591-4d21-a6fb-a0cf6ce40e4a',  NOW(), NOW()),
    ('3322b37d-8fae-404c-b7df-c8c6f4fd8acf', 'Albánsko','2a43c218-f17d-4fc7-a044-178c55aa9939',  NOW(), NOW()),
    ('6ac1003d-ea1f-4e22-b677-9053c7494eb2', 'Alžírsko','2027c7e8-e591-4d21-a6fb-a0cf6ce40e4a', NOW(), NOW()),
    ('3bbdc197-9ec3-4e21-a07b-c35cdc66d74b', 'Americká Samoa','2027c7e8-e591-4d21-a6fb-a0cf6ce40e4a', NOW(), NOW()),
    ('3749b25b-a2ab-44ca-94f1-201dbfb38c54', 'Andorra','2a43c218-f17d-4fc7-a044-178c55aa9939',  NOW(), NOW()),
    ('23ed761a-a0ba-49dd-a916-0e2c6ca5a798', 'Angola','2027c7e8-e591-4d21-a6fb-a0cf6ce40e4a', NOW(), NOW()),
    ('39601a8f-53e7-4195-b392-985e538f3554', 'Anguilla','2027c7e8-e591-4d21-a6fb-a0cf6ce40e4a', NOW(), NOW()),
    ('f515b76b-8f54-4be8-ac9f-ddc7d94b1fcd', 'Antarktída','2027c7e8-e591-4d21-a6fb-a0cf6ce40e4a', NOW(), NOW()),
    ('1e673c83-7112-4b4f-ba31-2f0a7f765573', 'Antigua a Barbuda','2027c7e8-e591-4d21-a6fb-a0cf6ce40e4a', NOW(), NOW()),
    ('6e7d6453-ac63-44d6-aaa4-e4caf988d880', 'Argentína','2027c7e8-e591-4d21-a6fb-a0cf6ce40e4a', NOW(), NOW()),
    ('44df9815-cf33-4d53-90f5-4262d5ba0347', 'Arménsko','2a43c218-f17d-4fc7-a044-178c55aa9939', NOW(), NOW()),
    ('04c4f9f6-31d9-4753-a135-ab86477982b4', 'Aruba','2027c7e8-e591-4d21-a6fb-a0cf6ce40e4a',  NOW(), NOW()),
    ('ec936134-57d6-4bb3-9b0b-9df6785ef165', 'Austrália','2027c7e8-e591-4d21-a6fb-a0cf6ce40e4a',  NOW(), NOW()),
    ('011b4c57-e505-4bbe-99f0-c73078830e4c', 'Rakúsko','2a43c218-f17d-4fc7-a044-178c55aa9939', NOW(), NOW()),
    ('6e1f16b6-e0fb-4bbf-8d61-fc0d379c938f', 'Azerbajdžan','2a43c218-f17d-4fc7-a044-178c55aa9939', NOW(), NOW()),
    ('e5b9cc38-6d2b-443b-9bf9-7721da77a131', 'Bahamy','2027c7e8-e591-4d21-a6fb-a0cf6ce40e4a',  NOW(), NOW()),
    ('d5b038a2-d69f-4e1f-9a7f-687f7c15cccf', 'Bahrajn','2027c7e8-e591-4d21-a6fb-a0cf6ce40e4a',  NOW(), NOW()),
    ('b4eb0403-b378-45e3-a6fd-916c7c9b2f23', 'Bangladéš','2027c7e8-e591-4d21-a6fb-a0cf6ce40e4a',  NOW(), NOW()),
    ('d8bb4a10-95dc-4037-ba33-92d0e2df324c', 'Barbados','2027c7e8-e591-4d21-a6fb-a0cf6ce40e4a',  NOW(), NOW()),
    ('0c63901c-61c4-43e0-bc31-c088a41a50f5', 'Bielorusko','2a43c218-f17d-4fc7-a044-178c55aa9939', NOW(), NOW()),
    ('a7009dc2-0434-4ff8-bcac-90c178d4178f', 'Belgicko','2a43c218-f17d-4fc7-a044-178c55aa9939', NOW(), NOW()),
    ('7cc2b8e2-49e3-4283-bc60-2c7a93f88f99', 'Belize','2027c7e8-e591-4d21-a6fb-a0cf6ce40e4a',  NOW(), NOW()),
    ('e3b77f3e-f77f-439b-ad3b-df2c774a459a', 'Benin','2027c7e8-e591-4d21-a6fb-a0cf6ce40e4a',  NOW(), NOW()),
    ('018fce4a-7355-4954-b656-8d7131da074e', 'Bermudy','2027c7e8-e591-4d21-a6fb-a0cf6ce40e4a',  NOW(), NOW()),
    ('1623551f-33d3-46a1-8384-60bc8161e64e', 'Bhutan','2027c7e8-e591-4d21-a6fb-a0cf6ce40e4a',  NOW(), NOW()),
    ('c7a3f169-f0d4-41fe-8756-84943efc93af', 'Bolívia','2027c7e8-e591-4d21-a6fb-a0cf6ce40e4a',  NOW(), NOW()),
    ('08986759-dbe9-4bcf-be15-8db113dabd97', 'Bosna a Hercegovina','2a43c218-f17d-4fc7-a044-178c55aa9939', NOW(), NOW()),
    ('89006773-74e8-4121-bf70-0c73a9e6675e', 'Botswana','2027c7e8-e591-4d21-a6fb-a0cf6ce40e4a',  NOW(), NOW()),
    ('768b56d9-519c-4b7d-8472-1e86954145eb', 'Bouvetov ostrov','2027c7e8-e591-4d21-a6fb-a0cf6ce40e4a',  NOW(), NOW()),
    ('f3787c6d-f688-4e58-baed-64e4195070fb', 'Brazília','2027c7e8-e591-4d21-a6fb-a0cf6ce40e4a',  NOW(), NOW()),
    ('597f0566-2d9a-4192-8284-89486d68ae54', 'Britské indickooceánske územie','2027c7e8-e591-4d21-a6fb-a0cf6ce40e4a',  NOW(), NOW()),
    ('3a81df48-b612-4b5b-8aa4-fe4cdb77cbb3', 'Britské Panenské ostrovy','2027c7e8-e591-4d21-a6fb-a0cf6ce40e4a',  NOW(), NOW()),
    ('0f3cead3-5cbb-4fd7-ab49-e831a6157475', 'Brunej','2027c7e8-e591-4d21-a6fb-a0cf6ce40e4a',  NOW(), NOW()),
    ('c9950f6d-6665-4541-9195-9d3c30f1cc1f', 'Bulharsko','2a43c218-f17d-4fc7-a044-178c55aa9939', NOW(), NOW()),
    ('6bc98603-0a13-4d8a-9308-5013917e315b', 'Burkina Faso','2027c7e8-e591-4d21-a6fb-a0cf6ce40e4a',  NOW(), NOW()),
    ('9f024d62-0719-4fba-bffe-e0a59e963fbb', 'Burundi','2027c7e8-e591-4d21-a6fb-a0cf6ce40e4a',  NOW(), NOW()),
    ('1b53a52b-a845-4833-8b0c-cc951a44fc1a', 'Kambodža','2027c7e8-e591-4d21-a6fb-a0cf6ce40e4a',  NOW(), NOW()),
    ('68c8ff14-3c7d-4da6-8eee-8312cf84968c', 'Kamerun','2027c7e8-e591-4d21-a6fb-a0cf6ce40e4a',  NOW(), NOW()),
    ('fbe9b815-fd25-4109-ab4a-409b4cbad3a8', 'Kanada','2027c7e8-e591-4d21-a6fb-a0cf6ce40e4a',  NOW(), NOW()),
    ('36955b24-8c76-4686-a838-f158d14292a5', 'Kapverdy','2027c7e8-e591-4d21-a6fb-a0cf6ce40e4a',  NOW(), NOW()),
    ('9d01c165-7a93-4b50-8da8-d9a71220edfe', 'Kajmanské ostrovy','2027c7e8-e591-4d21-a6fb-a0cf6ce40e4a',  NOW(), NOW()),
    ('ee6a5930-4c25-44b1-896a-8439747c9773', 'Stredoafrická republika','2027c7e8-e591-4d21-a6fb-a0cf6ce40e4a',  NOW(), NOW()),
    ('6a7254b6-e24a-4f87-9a1d-bf51d4a7ee70', 'Čad','2027c7e8-e591-4d21-a6fb-a0cf6ce40e4a',  NOW(), NOW()),
    ('65c913ea-9eeb-43bb-ba1e-28e7522ea067', 'Čile','2027c7e8-e591-4d21-a6fb-a0cf6ce40e4a',  NOW(), NOW()),
    ('2ebc7e75-c3fa-43ad-b73b-466e663adcd2', 'Čína','2027c7e8-e591-4d21-a6fb-a0cf6ce40e4a',  NOW(), NOW()),
    ('32892960-1e21-403d-b0fd-93e482431612', 'Vianočný ostrov','2027c7e8-e591-4d21-a6fb-a0cf6ce40e4a',  NOW(), NOW()),
    ('1e8881c0-db1b-49e7-9875-4cbb55f565e6', 'Kokosové ostrovy','2027c7e8-e591-4d21-a6fb-a0cf6ce40e4a',  NOW(), NOW()),
    ('70e82ee4-e39a-49bc-812b-8a301a67fb0e', 'Kolumbia','2027c7e8-e591-4d21-a6fb-a0cf6ce40e4a',  NOW(), NOW()),
    ('beadb7cd-216d-414d-b7fb-037cf15fcf5d', 'Komory','2027c7e8-e591-4d21-a6fb-a0cf6ce40e4a',  NOW(), NOW()),
    ('3bdbfb69-5c6f-4700-a934-d07201c17dbf', 'Konžská demokratická republika','2027c7e8-e591-4d21-a6fb-a0cf6ce40e4a',  NOW(), NOW()),
    ('b5c86d81-44b7-4d2e-999b-9085d31f1403', 'Kongo','2027c7e8-e591-4d21-a6fb-a0cf6ce40e4a',  NOW(), NOW()),
    ('9fd71e74-db81-4b9d-9b2c-38797a15697d', 'Cookove ostrovy','2027c7e8-e591-4d21-a6fb-a0cf6ce40e4a',  NOW(), NOW()),
    ('79fde9e0-804b-474f-b5a2-56ec26f0385a', 'Kostarika','2027c7e8-e591-4d21-a6fb-a0cf6ce40e4a',  NOW(), NOW()),
    ('24eefc62-6b9b-4769-a9ef-59e957503e78', 'Pobrežie Slonoviny','2027c7e8-e591-4d21-a6fb-a0cf6ce40e4a',  NOW(), NOW()),
    ('8a062c6c-46ff-4ea3-b954-6e4334a73a3a', 'Chorvátsko','2a43c218-f17d-4fc7-a044-178c55aa9939', NOW(), NOW()),
    ('d137f1fb-ee08-4cfb-bf33-f920b6b8a17c', 'Kuba','2027c7e8-e591-4d21-a6fb-a0cf6ce40e4a',  NOW(), NOW()),
    ('bbdc594f-a223-4b91-9f1b-25dc82d8d619', 'Cyprus','2a43c218-f17d-4fc7-a044-178c55aa9939', NOW(), NOW()),
    ('016a4f8c-0579-4569-ac4f-2198f17c8613', 'Česká republika','8dccf1ad-4c0d-4459-ab8c-9eff6a675437',  NOW(), NOW()),
    ('c84e2d2c-5730-4905-b34b-93b2a317df1d', 'Dánsko','2a43c218-f17d-4fc7-a044-178c55aa9939', NOW(), NOW()),
    ('27f20b60-622c-473c-8615-566bfc1c9902', 'Džibutsko','2027c7e8-e591-4d21-a6fb-a0cf6ce40e4a',  NOW(), NOW()),
    ('7a8aef8a-1f99-4758-afdd-08387276b511', 'Dominika','2027c7e8-e591-4d21-a6fb-a0cf6ce40e4a',  NOW(), NOW()),
    ('00776df6-27b7-46c2-b748-53c68b223c78', 'Dominikánska republika','2027c7e8-e591-4d21-a6fb-a0cf6ce40e4a',  NOW(), NOW()),
    ('781d07c8-8b78-4a18-9df7-268aa18dfaf2', 'Ekvádor','2027c7e8-e591-4d21-a6fb-a0cf6ce40e4a',  NOW(), NOW()),
    ('a05a50f4-f5b3-4b7d-8a24-cd333faf4f46', 'Egypt','2a43c218-f17d-4fc7-a044-178c55aa9939', NOW(), NOW()),
    ('a992f9e3-ef6a-4169-9117-03c66a0aeab9', 'Salvádor','2027c7e8-e591-4d21-a6fb-a0cf6ce40e4a',  NOW(), NOW()),
    ('3f21f818-0564-445c-be1e-73485406d051', 'Rovníková Guinea','2027c7e8-e591-4d21-a6fb-a0cf6ce40e4a',  NOW(), NOW()),
    ('90e17154-0d9c-49e9-9103-fe388d8554db', 'Eritrea','2027c7e8-e591-4d21-a6fb-a0cf6ce40e4a',  NOW(), NOW()),
    ('2672307a-ab04-4d34-99a7-23290c320d8e', 'Estónsko','2a43c218-f17d-4fc7-a044-178c55aa9939', NOW(), NOW()),
    ('7c7af286-fd06-4b62-90c8-af17cec092eb', 'Etiópia','2027c7e8-e591-4d21-a6fb-a0cf6ce40e4a',  NOW(), NOW()),
    ('676e0192-b481-4806-952e-d1e7bd2a7600', 'Faerské ostrovy','2027c7e8-e591-4d21-a6fb-a0cf6ce40e4a',  NOW(), NOW()),
    ('965bee7a-c61b-4d86-a7f8-9702e4f6df25', 'Falklandské ostrovy','2027c7e8-e591-4d21-a6fb-a0cf6ce40e4a',  NOW(), NOW()),
    ('3451597f-40f5-47df-a04f-20bda6e7fd9f', 'Fidži','2027c7e8-e591-4d21-a6fb-a0cf6ce40e4a',  NOW(), NOW()),
    ('1e0a8f3a-59bd-4d95-a12d-5dd128c7caf7', 'Fínsko','2a43c218-f17d-4fc7-a044-178c55aa9939', NOW(), NOW()),
    ('1bb520e1-09a6-4482-9bd6-1327fd9dd20a', 'Francúzsko','2a43c218-f17d-4fc7-a044-178c55aa9939', NOW(), NOW()),
    ('f77bd6d0-3dc1-4158-8127-cfae99d54127', 'Francúzska Guyana','2027c7e8-e591-4d21-a6fb-a0cf6ce40e4a',  NOW(), NOW()),
    ('a395be3c-5cf5-44bc-adb0-cfb35cd5b1b3', 'Francúzska Polynézia','2027c7e8-e591-4d21-a6fb-a0cf6ce40e4a',  NOW(), NOW()),
    ('a7204b4c-21ba-4869-8b8d-3e5835ecec16', 'Francúzske južné územia','2027c7e8-e591-4d21-a6fb-a0cf6ce40e4a',  NOW(), NOW()),
    ('f77f1f89-afa3-469e-bfc6-6b519f813025', 'Gabon','2027c7e8-e591-4d21-a6fb-a0cf6ce40e4a',  NOW(), NOW()),
    ('da61bee5-4cb7-41b3-a7e2-52741471ea21', 'Gambia','2027c7e8-e591-4d21-a6fb-a0cf6ce40e4a',  NOW(), NOW()),
    ('58a12a3e-c619-44a0-b5d4-47cd488ed0f2', 'Gruzínsko','2a43c218-f17d-4fc7-a044-178c55aa9939', NOW(), NOW()),
    ('e1ac2e99-955c-4504-a6b5-b06de831797c', 'Nemecko','2a43c218-f17d-4fc7-a044-178c55aa9939', NOW(), NOW()),
    ('14ebe56c-50fd-48a0-a0a3-47ada5737de6', 'Ghana','2027c7e8-e591-4d21-a6fb-a0cf6ce40e4a',  NOW(), NOW()),
    ('c1ec8260-873a-48e2-a7c9-a3df7e98f528', 'Gibraltár','2027c7e8-e591-4d21-a6fb-a0cf6ce40e4a',  NOW(), NOW()),
    ('308bbaa9-d1bd-4afd-a875-90536e768680', 'Grécko','2a43c218-f17d-4fc7-a044-178c55aa9939', NOW(), NOW()),
    ('8d19d04e-dcca-4f00-b57c-1bd621ce9cc1', 'Grónsko','2027c7e8-e591-4d21-a6fb-a0cf6ce40e4a',  NOW(), NOW()),
    ('1747fa23-ad73-4816-b37a-017c9674871c', 'Grenada','2027c7e8-e591-4d21-a6fb-a0cf6ce40e4a',  NOW(), NOW()),
    ('6b346199-de9a-4bf8-ab5d-74fa3d069011', 'Guadeloupe','2027c7e8-e591-4d21-a6fb-a0cf6ce40e4a',  NOW(), NOW()),
    ('2a226764-2003-44f3-b06f-472bd2f61a7a', 'Guam','2027c7e8-e591-4d21-a6fb-a0cf6ce40e4a',  NOW(), NOW()),
    ('8c9caf40-fdee-4982-b985-da4164ba0263', 'Guatemala','2027c7e8-e591-4d21-a6fb-a0cf6ce40e4a',  NOW(), NOW()),
    ('b29403cd-2cd2-484d-8ce1-f4050fbaecba', 'Guernsey','2027c7e8-e591-4d21-a6fb-a0cf6ce40e4a',  NOW(), NOW()),
    ('b04af125-7824-4ddb-b84a-3ec2f3d5f539', 'Guinea','2027c7e8-e591-4d21-a6fb-a0cf6ce40e4a',  NOW(), NOW()),
    ('23f46383-5e03-4184-93b3-aa63f6929f81', 'Guinea-Bissau','2027c7e8-e591-4d21-a6fb-a0cf6ce40e4a',  NOW(), NOW()),
    ('572fd9a1-3b79-4f48-840c-2c145c462154', 'Guyana','2027c7e8-e591-4d21-a6fb-a0cf6ce40e4a',  NOW(), NOW()),
    ('22ec8dbb-8958-4358-b03c-c96a5e14285f', 'Haiti','2027c7e8-e591-4d21-a6fb-a0cf6ce40e4a',  NOW(), NOW()),
    ('64337c1a-2d60-486f-a10f-20979e53b19b', 'Heardov ostrov','2027c7e8-e591-4d21-a6fb-a0cf6ce40e4a',  NOW(), NOW()),
    ('6e7f6cfa-db63-4e01-9df4-b54e350f68c9', 'Vatikán','2027c7e8-e591-4d21-a6fb-a0cf6ce40e4a',  NOW(), NOW()),
    ('eeb1a0a5-5411-40df-9fd5-fdc772a062d5', 'Honduras','2027c7e8-e591-4d21-a6fb-a0cf6ce40e4a',  NOW(), NOW()),
    ('5ffcc722-9928-467a-8dd2-3d7306e58ab7', 'Hongkong','2027c7e8-e591-4d21-a6fb-a0cf6ce40e4a',  NOW(), NOW()),
    ('33da306a-81fe-4c9e-a521-2aa5c4be4225', 'Maďarsko','2a43c218-f17d-4fc7-a044-178c55aa9939', NOW(), NOW()),
    ('eb4268c6-542b-4001-a0ef-378330516a2e', 'Island','2027c7e8-e591-4d21-a6fb-a0cf6ce40e4a',  NOW(), NOW()),
    ('82ef8b32-2af2-4986-bf38-f65d9eb80022', 'India','2027c7e8-e591-4d21-a6fb-a0cf6ce40e4a',  NOW(), NOW()),
    ('da1428aa-3cd5-4197-b9ac-92074589cd2e', 'Indonézia','2027c7e8-e591-4d21-a6fb-a0cf6ce40e4a',  NOW(), NOW()),
    ('7ddb8599-f3a7-4001-a38a-9a3b7c78a894', 'Irán','2027c7e8-e591-4d21-a6fb-a0cf6ce40e4a',  NOW(), NOW()),
    ('82310ad7-11a3-4174-9367-fcdc8c3ddf10', 'Irak','2027c7e8-e591-4d21-a6fb-a0cf6ce40e4a',  NOW(), NOW()),
    ('04f3b4ce-092d-48ef-b360-43d2bd8ab3f6', 'Írsko','2a43c218-f17d-4fc7-a044-178c55aa9939', NOW(), NOW()),
    ('6cd19e83-c656-42cf-8fb6-61f98cecd4f0', 'Izrael','2a43c218-f17d-4fc7-a044-178c55aa9939', NOW(), NOW()),
    ('410b48b3-001b-4539-9af6-c014a64bfe2c', 'Taliansko','2a43c218-f17d-4fc7-a044-178c55aa9939', NOW(), NOW()),
    ('18e298c1-84a9-4a8b-a801-fc012b3fd782', 'Jamajka','2027c7e8-e591-4d21-a6fb-a0cf6ce40e4a',  NOW(), NOW()),
    ('490a3946-c8ee-42aa-a787-5808cfad761e', 'Japonsko','2027c7e8-e591-4d21-a6fb-a0cf6ce40e4a',  NOW(), NOW()),
    ('217cfa32-6061-48fe-aaa3-824de91946b5', 'Jersey','2027c7e8-e591-4d21-a6fb-a0cf6ce40e4a',  NOW(), NOW()),
    ('25bca4f6-11f0-44da-aad8-fca3c48645e8', 'Jordánsko','2027c7e8-e591-4d21-a6fb-a0cf6ce40e4a',  NOW(), NOW()),
    ('55543282-e002-4302-8a5f-e39b8519b1e8', 'Kazachstan','2027c7e8-e591-4d21-a6fb-a0cf6ce40e4a',  NOW(), NOW()),
    ('4d63c95c-8ada-4324-8320-8e8a860b2c4b', 'Keňa','2027c7e8-e591-4d21-a6fb-a0cf6ce40e4a',  NOW(), NOW()),
    ('4e58fad8-a699-42c9-8d93-cc74875eeca0', 'Kiribati','2027c7e8-e591-4d21-a6fb-a0cf6ce40e4a',  NOW(), NOW()),
    ('4bc90c84-ebde-4ade-b346-1d66eb07de76', 'Severná Kórea','2027c7e8-e591-4d21-a6fb-a0cf6ce40e4a',  NOW(), NOW()),
    ('777f3f0f-96da-4e45-9666-5909ffb2d68a', 'Južná Kórea','2027c7e8-e591-4d21-a6fb-a0cf6ce40e4a',  NOW(), NOW()),
    ('d4ec8b9f-07fb-4a3a-a77d-41cc340de1c9', 'Kuvajt','2027c7e8-e591-4d21-a6fb-a0cf6ce40e4a',  NOW(), NOW()),
    ('33527562-ecdb-4974-8101-52e20630c065', 'Kirgizsko','2027c7e8-e591-4d21-a6fb-a0cf6ce40e4a',  NOW(), NOW()),
    ('299ce2fe-bfd0-4bcd-83ea-fa3a326b07f4', 'Lotyšsko','2a43c218-f17d-4fc7-a044-178c55aa9939', NOW(), NOW()),
    ('5301ba46-8091-48c8-9857-e3664beb58e2', 'Libanon','2027c7e8-e591-4d21-a6fb-a0cf6ce40e4a',  NOW(), NOW()),
    ('b2bafa84-5687-46a1-bfb8-e9a740628b3e', 'Lesotho','2027c7e8-e591-4d21-a6fb-a0cf6ce40e4a',  NOW(), NOW()),
    ('0c0dba14-c19e-4738-92c8-6f66988ccfd0', 'Libéria','2027c7e8-e591-4d21-a6fb-a0cf6ce40e4a',  NOW(), NOW()),
    ('eede4bcd-3d49-44f4-9e8d-5684c7de1c44', 'Líbya','2027c7e8-e591-4d21-a6fb-a0cf6ce40e4a',  NOW(), NOW()),
    ('3364a491-2089-45dd-a7a8-b4d3b6904e7e', 'Lichtenštajnsko','2a43c218-f17d-4fc7-a044-178c55aa9939', NOW(), NOW()),
    ('7dc9ade0-064a-42b0-8aa1-b52b75507aad', 'Litva','2a43c218-f17d-4fc7-a044-178c55aa9939', NOW(), NOW()),
    ('2a3d8f1c-8752-4649-bd20-62aa2eba3e42', 'Luxembursko','2a43c218-f17d-4fc7-a044-178c55aa9939', NOW(), NOW()),
    ('c95f7e99-af5d-49b0-886a-99504811f0ed', 'Macao','2027c7e8-e591-4d21-a6fb-a0cf6ce40e4a',  NOW(), NOW()),
    ('831d38c2-ae24-4aff-87d5-1ef549247101', 'Madagaskar','2027c7e8-e591-4d21-a6fb-a0cf6ce40e4a',  NOW(), NOW()),
    ('81fb6f3f-01fb-4962-bb5f-ffa5201621e8', 'Malawi','2027c7e8-e591-4d21-a6fb-a0cf6ce40e4a',  NOW(), NOW()),
    ('0e77ef88-695a-4a83-a74f-9717e6f312b5', 'Malajzia','2027c7e8-e591-4d21-a6fb-a0cf6ce40e4a',  NOW(), NOW()),
    ('33ba9a51-6099-4f5e-963a-ff0e98299412', 'Maldivy','2027c7e8-e591-4d21-a6fb-a0cf6ce40e4a',  NOW(), NOW()),
    ('9cef97ff-772b-4127-9677-af708308bf00', 'Mali','2027c7e8-e591-4d21-a6fb-a0cf6ce40e4a',  NOW(), NOW()),
    ('9820c3fb-b387-4908-be0a-3df27ccff443', 'Malta','2027c7e8-e591-4d21-a6fb-a0cf6ce40e4a',  NOW(), NOW()),
    ('9baa68ac-378a-45d5-9873-914ef072e652', 'Marshallove ostrovy','2027c7e8-e591-4d21-a6fb-a0cf6ce40e4a',  NOW(), NOW()),
    ('23af6ae1-63fa-4510-8f57-ffe30533a189', 'Martinik','2027c7e8-e591-4d21-a6fb-a0cf6ce40e4a',  NOW(), NOW()),
    ('6c601f11-ed10-43a1-a16c-12079cb443e8', 'Mauritánia','2027c7e8-e591-4d21-a6fb-a0cf6ce40e4a',  NOW(), NOW()),
    ('87373860-6cbb-4766-b4fa-5e6e31a89e2c', 'Maurícius','2027c7e8-e591-4d21-a6fb-a0cf6ce40e4a',  NOW(), NOW()),
    ('a39ea175-e17f-4237-b12c-ff64daf3e8eb', 'Mayotte','2027c7e8-e591-4d21-a6fb-a0cf6ce40e4a',  NOW(), NOW()),
    ('075ddf9e-7da9-4890-acdc-73d378ef19dc', 'Mexiko','2027c7e8-e591-4d21-a6fb-a0cf6ce40e4a',  NOW(), NOW()),
    ('b02788d9-8b01-45ff-93ee-eff822fbbc62', 'Mikronézia','2027c7e8-e591-4d21-a6fb-a0cf6ce40e4a',  NOW(), NOW()),
    ('ea69305c-8be8-4a99-9b64-275935a65598', 'Moldavsko','2a43c218-f17d-4fc7-a044-178c55aa9939', NOW(), NOW()),
    ('ef9a28d1-2de2-44c7-9b79-457f26384138', 'Monako','2a43c218-f17d-4fc7-a044-178c55aa9939', NOW(), NOW()),
    ('1c1be325-7f81-4b3f-8f07-8d47856b48ec', 'Mongolsko','2027c7e8-e591-4d21-a6fb-a0cf6ce40e4a',  NOW(), NOW()),
    ('657136d3-4960-40d9-bb30-31939f85c3e3', 'Čierna Hora','2a43c218-f17d-4fc7-a044-178c55aa9939', NOW(), NOW()),
    ('5f00fdc1-1611-4eec-be7b-d600b27b8e8f', 'Montserrat','2027c7e8-e591-4d21-a6fb-a0cf6ce40e4a',  NOW(), NOW()),
    ('9b1fbe85-c5db-47bb-ab0b-0c33cf91029d', 'Maroko','2a43c218-f17d-4fc7-a044-178c55aa9939', NOW(), NOW()),
    ('fa9324f3-c9f6-44e2-b526-2a3d5b30c979', 'Mozambik','2027c7e8-e591-4d21-a6fb-a0cf6ce40e4a',  NOW(), NOW()),
    ('73e44780-27d0-4798-a271-12c67acab83b', 'Mjanmarsko','2027c7e8-e591-4d21-a6fb-a0cf6ce40e4a',  NOW(), NOW()),
    ('6b38e554-48c4-4c7a-b6f7-37a0165ad145', 'Namíbia','2027c7e8-e591-4d21-a6fb-a0cf6ce40e4a',  NOW(), NOW()),
    ('6bcb88cf-ecc8-4917-bb3f-8bc93529a595', 'Nauru','2027c7e8-e591-4d21-a6fb-a0cf6ce40e4a',  NOW(), NOW()),
    ('59e60621-4756-46bc-8366-581aa1b4dfea', 'Nepál','2027c7e8-e591-4d21-a6fb-a0cf6ce40e4a',  NOW(), NOW()),
    ('884656a9-deec-49f7-84ba-4fff091baa38', 'Holandsko','2a43c218-f17d-4fc7-a044-178c55aa9939', NOW(), NOW()),
    ('da5393d8-1d7e-4097-81b8-515cfdcd3f3a', 'Nová Kaledónia','2027c7e8-e591-4d21-a6fb-a0cf6ce40e4a',  NOW(), NOW()),
    ('65203c24-41b5-4d04-af52-67e1d1f4b6f1', 'Nový Zéland','2027c7e8-e591-4d21-a6fb-a0cf6ce40e4a',  NOW(), NOW()),
    ('ac42bf7b-ee26-4528-a338-a161924386d6', 'Nikaragua','2027c7e8-e591-4d21-a6fb-a0cf6ce40e4a',  NOW(), NOW()),
    ('35f4a413-cf1e-44d2-b539-433fbddabf18', 'Niger','2027c7e8-e591-4d21-a6fb-a0cf6ce40e4a',  NOW(), NOW()),
    ('929063ff-8ba6-4074-8ba0-724720eca36d', 'Nigéria','2027c7e8-e591-4d21-a6fb-a0cf6ce40e4a',  NOW(), NOW()),
    ('d7044d15-a249-4d95-9ac4-13ffb7d44c62', 'Niue','2027c7e8-e591-4d21-a6fb-a0cf6ce40e4a',  NOW(), NOW()),
    ('53569842-e546-4bd8-b95d-2c65c018043d', 'Norfolk','2027c7e8-e591-4d21-a6fb-a0cf6ce40e4a',  NOW(), NOW()),
    ('bb5630b8-83ef-4d25-9c4d-a96a94745eb7', 'Severné Macedónsko','2a43c218-f17d-4fc7-a044-178c55aa9939',  NOW(), NOW()),
    ('4d13d9e0-fb3f-4cb2-b2a4-1e593ac92d75', 'Severné Mariánske ostrovy','2027c7e8-e591-4d21-a6fb-a0cf6ce40e4a',  NOW(), NOW()),
    ('89729304-d1ca-4862-a6a6-55bbbb44babd', 'Nórsko','2a43c218-f17d-4fc7-a044-178c55aa9939', NOW(), NOW()),
    ('7d2fe019-f4d0-4181-b113-1ab0ed119efb', 'Omán','2027c7e8-e591-4d21-a6fb-a0cf6ce40e4a',  NOW(), NOW()),
    ('31043a19-2960-429c-a10f-7102db183091', 'Pakistan','2027c7e8-e591-4d21-a6fb-a0cf6ce40e4a',  NOW(), NOW()),
    ('2c0afd95-b2ae-42ab-bd1d-fffa243ca8e4', 'Palau','2027c7e8-e591-4d21-a6fb-a0cf6ce40e4a',  NOW(), NOW()),
    ('2f2b2167-b59e-4cfe-943d-7a6ce924f3ba', 'Palestína','2027c7e8-e591-4d21-a6fb-a0cf6ce40e4a',  NOW(), NOW()),
    ('c41ad4ac-ee11-4167-8fbb-77010fd6941a', 'Panama','2027c7e8-e591-4d21-a6fb-a0cf6ce40e4a',  NOW(), NOW()),
    ('eed56815-68f7-4971-950f-57fe2dd6d5a6', 'Papua-Nová Guinea','2027c7e8-e591-4d21-a6fb-a0cf6ce40e4a',  NOW(), NOW()),
    ('f5a1955c-b8e9-4312-81aa-b40137caf4fc', 'Paraguaj','2027c7e8-e591-4d21-a6fb-a0cf6ce40e4a',  NOW(), NOW()),
    ('60569c7d-8fe8-4d1c-9312-1b4dd5165b8a', 'Peru','2027c7e8-e591-4d21-a6fb-a0cf6ce40e4a',  NOW(), NOW()),
    ('d7623865-a23f-4567-9879-e0fd9e8695d2', 'Filipíny','2027c7e8-e591-4d21-a6fb-a0cf6ce40e4a',  NOW(), NOW()),
    ('f6b6dbf4-9991-4837-afde-594d65b8969d', 'Pitcairnove ostrovy','2027c7e8-e591-4d21-a6fb-a0cf6ce40e4a',  NOW(), NOW()),
    ('21ab7174-0df5-4193-a72a-da559aead218', 'Poľsko','2a43c218-f17d-4fc7-a044-178c55aa9939', NOW(), NOW()),
    ('473755ae-6228-4903-bac5-1570446a4e87', 'Portugalsko','2a43c218-f17d-4fc7-a044-178c55aa9939', NOW(), NOW()),
    ('625e73f4-e05b-441e-9381-5fecd17d0a2b', 'Portoriko','2027c7e8-e591-4d21-a6fb-a0cf6ce40e4a',  NOW(), NOW()),
    ('a2d65a4a-eb13-4310-9890-05749f4c4028', 'Katar','2027c7e8-e591-4d21-a6fb-a0cf6ce40e4a',  NOW(), NOW()),
    ('722d833b-a7ef-4cd2-8584-f7364ffe2a96', 'Réunion','2027c7e8-e591-4d21-a6fb-a0cf6ce40e4a',  NOW(), NOW()),
    ('2d003cee-eab4-40d0-893c-f508a1c59e85', 'Rumunsko','2a43c218-f17d-4fc7-a044-178c55aa9939', NOW(), NOW()),
    ('5215c84c-7660-4ec7-9f3b-0a248ff1eb26', 'Rusko','2a43c218-f17d-4fc7-a044-178c55aa9939', NOW(), NOW()),
    ('6746924b-e571-4697-aa4c-954de63a3356', 'Rwanda','2027c7e8-e591-4d21-a6fb-a0cf6ce40e4a',  NOW(), NOW()),
    ('5307dcc4-cea6-47c5-8aae-9803c6227d34', 'Svätý Bartolomej','2027c7e8-e591-4d21-a6fb-a0cf6ce40e4a',  NOW(), NOW()),
    ('b85cc95a-d6dc-43e9-af3c-a0414e12ed0b', 'Svätá Helena','2027c7e8-e591-4d21-a6fb-a0cf6ce40e4a',  NOW(), NOW()),
    ('236fc403-6d65-4e9a-ae67-9ed919070aec', 'Svätý Krištof','2027c7e8-e591-4d21-a6fb-a0cf6ce40e4a',  NOW(), NOW()),
    ('664c3d5d-5f6a-45ba-9815-79d11d2d5767', 'Svätá Lucia','2027c7e8-e591-4d21-a6fb-a0cf6ce40e4a',  NOW(), NOW()),
    ('37ecd441-888a-4fc6-a689-1d1e35a8fbd4', 'Samoa','2027c7e8-e591-4d21-a6fb-a0cf6ce40e4a',  NOW(), NOW()),
    ('8949a573-8eb2-41bb-abd5-e2c9dd3cf4a0', 'San Maríno','2a43c218-f17d-4fc7-a044-178c55aa9939', NOW(), NOW()),
    ('cb68d592-8fd2-4725-ac91-c8faccb8ec45', 'Svätý Tomáš a Princov ostrov','2027c7e8-e591-4d21-a6fb-a0cf6ce40e4a',  NOW(), NOW()),
    ('505050a9-089e-4f20-a3f9-32cf3898b8b8', 'Saudská Arábia','2027c7e8-e591-4d21-a6fb-a0cf6ce40e4a',  NOW(), NOW()),
    ('aa7cd4f4-4aec-4580-8000-4ec99607107c', 'Senegal','2027c7e8-e591-4d21-a6fb-a0cf6ce40e4a',  NOW(), NOW()),
    ('fe9d43ce-2c3b-469a-8776-ae064c815bdf', 'Srbsko','2a43c218-f17d-4fc7-a044-178c55aa9939', NOW(), NOW()),
    ('60a1ddfd-b934-4093-a76c-aa0d98a3eee6', 'Seychely','2027c7e8-e591-4d21-a6fb-a0cf6ce40e4a',  NOW(), NOW()),
    ('56079cad-a8cd-4613-a075-4baa304e431b', 'Sierra Leone','2027c7e8-e591-4d21-a6fb-a0cf6ce40e4a',  NOW(), NOW()),
    ('9dec4a09-0528-4693-8d94-bb5d3aed2030', 'Singapur','2027c7e8-e591-4d21-a6fb-a0cf6ce40e4a',  NOW(), NOW()),
    ('43b0541d-4290-4dbc-960c-8494584941c5', 'Slovenská republika','a07f0742-f6ca-4ac5-82f6-906d6716216a',  NOW(), NOW()),
    ('3b683cf8-60ee-4da8-adfe-b67f57a35911', 'Slovinsko','2a43c218-f17d-4fc7-a044-178c55aa9939', NOW(), NOW()),
    ('2e711664-ca97-4dd2-a2dd-fc761bcfbe81', 'Šalamúnove ostrovy','2027c7e8-e591-4d21-a6fb-a0cf6ce40e4a',  NOW(), NOW()),
    ('36c2381f-f530-4976-9d99-597ef14cf6e3', 'Somálsko','2027c7e8-e591-4d21-a6fb-a0cf6ce40e4a',  NOW(), NOW()),
    ('a2d4ed0e-2669-4e70-9fed-b08fe2c4460e', 'Južná Afrika','2027c7e8-e591-4d21-a6fb-a0cf6ce40e4a',  NOW(), NOW()),
    ('057f7e45-58ad-46b7-8296-75ee3899e51a', 'Južná Georgia a Južné Sandwichove ostrovy','2027c7e8-e591-4d21-a6fb-a0cf6ce40e4a',  NOW(), NOW()),
    ('4adcee1a-21d6-47ae-ac0d-b4db4c8b0759', 'Južný Sudán','2027c7e8-e591-4d21-a6fb-a0cf6ce40e4a',  NOW(), NOW()),
    ('8da4f823-e761-4995-aff5-54cbb9a1ac1e', 'Španielsko','2a43c218-f17d-4fc7-a044-178c55aa9939', NOW(), NOW()),
    ('d08d51af-745f-4d75-aea6-909ada2b67c1', 'Srí Lanka','2027c7e8-e591-4d21-a6fb-a0cf6ce40e4a',  NOW(), NOW()),
    ('f2943de0-dae1-4dc3-856e-e3f9469c4458', 'Sudán','2027c7e8-e591-4d21-a6fb-a0cf6ce40e4a',  NOW(), NOW()),
    ('611ca7fe-93e0-4682-862d-4cf99080b675', 'Surinam','2027c7e8-e591-4d21-a6fb-a0cf6ce40e4a',  NOW(), NOW()),
    ('5284cc4a-4ea2-4f6e-a644-03753377aed8', 'Svalbard a Jan Mayen','2027c7e8-e591-4d21-a6fb-a0cf6ce40e4a',  NOW(), NOW()),
    ('17510b7a-3481-4698-9daf-d1fc7ed12abf', 'Švédsko','2a43c218-f17d-4fc7-a044-178c55aa9939', NOW(), NOW()),
    ('8cbaad0c-0cc4-4d01-884a-981fcb5eaf82', 'Švajčiarsko','2a43c218-f17d-4fc7-a044-178c55aa9939', NOW(), NOW()),
    ('004d4cab-a683-402e-b773-76cbaffefeee', 'Sýria','2027c7e8-e591-4d21-a6fb-a0cf6ce40e4a',  NOW(), NOW()),
    ('fe5c8b3d-e8c8-4509-81bb-ccb804bc858c', 'Taiwan','2027c7e8-e591-4d21-a6fb-a0cf6ce40e4a',  NOW(), NOW()),
    ('ff41d1bb-6606-483e-95c0-2462f6ea10c7', 'Tadžikistan','2027c7e8-e591-4d21-a6fb-a0cf6ce40e4a',  NOW(), NOW()),
    ('f82acd84-29b4-49b9-93c0-9214abfa1c6a', 'Tanzánia','2027c7e8-e591-4d21-a6fb-a0cf6ce40e4a',  NOW(), NOW()),
    ('138aed44-1856-47bf-ad39-dbf73a808c0a', 'Thajsko','2027c7e8-e591-4d21-a6fb-a0cf6ce40e4a',  NOW(), NOW()),
    ('05be1f4b-aa93-490b-97d6-83a6843ee5f7', 'Východný Timor','2027c7e8-e591-4d21-a6fb-a0cf6ce40e4a',  NOW(), NOW()),
    ('f7e3ab3b-3bf0-4fad-a5d8-fd5993110842', 'Togo','2027c7e8-e591-4d21-a6fb-a0cf6ce40e4a',  NOW(), NOW()),
    ('c4f6f03c-68d5-47e2-9740-886a5a771a20', 'Tokelau','2027c7e8-e591-4d21-a6fb-a0cf6ce40e4a',  NOW(), NOW()),
    ('2be6e13b-060a-4748-91ff-a7804a18fdce', 'Tonga','2027c7e8-e591-4d21-a6fb-a0cf6ce40e4a',  NOW(), NOW()),
    ('af4d076e-196d-4662-9160-2f36752b79d3', 'Trinidad a Tobago','2027c7e8-e591-4d21-a6fb-a0cf6ce40e4a',  NOW(), NOW()),
    ('4a468fc4-ea0c-44b7-b1b7-c437e105b53f', 'Tunisko','2a43c218-f17d-4fc7-a044-178c55aa9939', NOW(), NOW()),
    ('06899cda-1180-4fa1-b961-cd29a7f1c3f0', 'Turecko','2a43c218-f17d-4fc7-a044-178c55aa9939', NOW(), NOW()),
    ('5ce21de5-afcd-496f-ab84-566b5c6521a4', 'Turkmenistan','2027c7e8-e591-4d21-a6fb-a0cf6ce40e4a',  NOW(), NOW()),
    ('001cb154-f433-4c08-9808-9f349689c08e', 'Turks a Caicos','2027c7e8-e591-4d21-a6fb-a0cf6ce40e4a',  NOW(), NOW()),
    ('d88bcdbe-c105-462b-9363-7c5729c3497e', 'Tuvalu','2027c7e8-e591-4d21-a6fb-a0cf6ce40e4a',  NOW(), NOW()),
    ('3c10024b-d3f0-4f9e-a80f-c8509f9e85f5', 'Uganda','2027c7e8-e591-4d21-a6fb-a0cf6ce40e4a',  NOW(), NOW()),
    ('8c8da1ff-0721-4e55-97be-11eb1494ecd6', 'Ukrajina','2a43c218-f17d-4fc7-a044-178c55aa9939', NOW(), NOW()),
    ('65876f17-68a9-49ce-bfc1-ed87839b1d3a', 'Spojené arabské emiráty','2027c7e8-e591-4d21-a6fb-a0cf6ce40e4a',  NOW(), NOW()),
    ('ea54e7ba-0d27-4d90-8018-7d170acd719e', 'Spojené kráľovstvo','2027c7e8-e591-4d21-a6fb-a0cf6ce40e4a',  NOW(), NOW()),
    ('bd6ed5b6-5fbd-48d9-92c9-cd8bcfa238cd', 'Spojené štáty americké','2027c7e8-e591-4d21-a6fb-a0cf6ce40e4a',  NOW(), NOW()),
    ('12ca214a-60cb-467d-ae8a-bfb219ba383f', 'Menšie odľahlé ostrovy Spojených štátov','2027c7e8-e591-4d21-a6fb-a0cf6ce40e4a',  NOW(), NOW()),
    ('512d6ae3-c069-4735-bacb-363ad31e0e83', 'Americké Panenské ostrovy','2027c7e8-e591-4d21-a6fb-a0cf6ce40e4a',  NOW(), NOW()),
    ('b06dd269-3f3e-4fee-9d3a-baee3928978d', 'Uruguaj','2027c7e8-e591-4d21-a6fb-a0cf6ce40e4a',  NOW(), NOW()),
    ('8ff3833f-0a30-4892-a6be-26cdfd1ebbe8', 'Uzbekistan','2027c7e8-e591-4d21-a6fb-a0cf6ce40e4a',  NOW(), NOW()),
    ('4a9a8c87-39d7-46d1-9c17-9fa184d47ec4', 'Vanuatu','2027c7e8-e591-4d21-a6fb-a0cf6ce40e4a',  NOW(), NOW()),
    ('2cae50ae-c206-4a31-99bb-3d7eba4d505f', 'Venezuela','2027c7e8-e591-4d21-a6fb-a0cf6ce40e4a',  NOW(), NOW()),
    ('2988875e-3b8b-4d3a-a142-f884b0788070', 'Vietnam','2027c7e8-e591-4d21-a6fb-a0cf6ce40e4a',  NOW(), NOW()),
    ('7c29846f-3878-477a-bb4c-50f7cd87f1ba', 'Wallis a Futuna','2027c7e8-e591-4d21-a6fb-a0cf6ce40e4a',  NOW(), NOW()),
    ('810b7ded-21aa-4cd5-990c-6b7e44abf616', 'Západná Sahara','2027c7e8-e591-4d21-a6fb-a0cf6ce40e4a',  NOW(), NOW()),
    ('aac93518-afa1-44a4-9d11-c0aee42e54b1', 'Jemen','2027c7e8-e591-4d21-a6fb-a0cf6ce40e4a',  NOW(), NOW()),
    ('4188b35c-4754-40ce-9d22-4d7a6c7985d4', 'Zambia','2027c7e8-e591-4d21-a6fb-a0cf6ce40e4a',  NOW(), NOW()),
    ('dd217428-375d-4317-aa55-e7751a784513', 'Zimbabwe','2027c7e8-e591-4d21-a6fb-a0cf6ce40e4a',  NOW(), NOW())
  ON CONFLICT (id) DO NOTHING;










